{
  "version": 1,
  "dependencies": [
    {
      "source": {
        "git": {
          "remote": "https://github.com/brancz/kubernetes-grafana",
          "subdir": "grafana"
        }
      },
      "version": "199e363523104ff8b3a12483a4e3eca86372b078"
    },
    {
      "source": {
        "git": {
          "remote": "https://github.com/etcd-io/etcd",
          "subdir": "contrib/mixin"
        }
      },
      "version": "release-3.5"
    },
    {
      "source": {
        "git": {
          "remote": "https://github.com/prometheus-operator/prometheus-operator",
          "subdir": "jsonnet/prometheus-operator"
        }
      },
      "version": "release-0.53"
    },
    {
      "source": {
        "git": {
          "remote": "https://github.com/prometheus-operator/prometheus-operator",
          "subdir": "jsonnet/mixin"
        }
      },
      "version": "release-0.53",
      "name": "prometheus-operator-mixin"
    },
    {
      "source": {
        "git": {
          "remote": "https://github.com/kubernetes-monitoring/kubernetes-mixin",
          "subdir": ""
        }
      },
      "version": "release-0.10"
    },
    {
      "source": {
        "git": {
          "remote": "https://github.com/kubernetes/kube-state-metrics",
          "subdir": "jsonnet/kube-state-metrics"
        }
      },
      "version": "release-2.3"
    },
    {
      "source": {
        "git": {
          "remote": "https://github.com/kubernetes/kube-state-metrics",
          "subdir": "jsonnet/kube-state-metrics-mixin"
        }
      },
      "version": "release-2.3"
    },
    {
      "source": {
        "git": {
          "remote": "https://github.com/prometheus/node_exporter",
          "subdir": "docs/node-mixin"
        }
      },
      "version": "release-1.3"
    },
    {
      "source": {
        "git": {
          "remote": "https://github.com/prometheus/prometheus",
          "subdir": "documentation/prometheus-mixin"
        }
      },
      "version": "release-2.32",
      "name": "prometheus"
    },
    {
      "source": {
        "git": {
          "remote": "https://github.com/prometheus/alertmanager",
          "subdir": "doc/alertmanager-mixin"
        }
      },
      "version": "release-0.23",
      "name": "alertmanager"
    },
    {
      "source": {
        "git": {
          "remote": "https://github.com/thanos-io/thanos",
          "subdir": "mixin"
        }
      },
      "version": "release-0.23",
      "name": "thanos-mixin"
    }
  ],
  "legacyImports": true
}
